Rank,Turkish,English,,Notes
1,bir,one,,"1) This list was created using public/free subtitles, particularly from opensubtitles.org."
2,bu ,this,,The order is based on the number of occurences of each word in the subtitles.
3,ve,and,,
4,ne,What,,2) The English translation is by Google and can be un-reliable for some words.
5,mi,Did you,,
6,için,for,,3) You can change the translation from English to another language.
7,çok,very,,To do this you will first need to make a copy of this spreadsheet.  (File > Make a copy...)
8,ben,I,,"Then replace the ""en"" in the function in the cells in Column C with your desired language code."
9,o,she is,,"e.g. Replace ""en"" with ""sv"" for Swedish."
10,evet,Yeah,,List of supported languages:
11,de,also,,https://cloud.google.com/translate/v2/using_rest?hl=en#language-params
12,var,there is,,
13,ama,but,,4) The original source of this list can be found here:
14,mı,is,,https://invokeit.wordpress.com/frequency-word-lists/
15,değil,not,,
16,hayır,no,,5) It is licensed under the following Creative Commons license:
17,sen,you,,http://creativecommons.org/licenses/by-sa/3.0/
18,şey,thing,,
19,da,in,,6) More Most Common word lists (other languages) can be found here:
20,daha,more,,http://www.101languages.net/common-words/
21,bana,to me,,
22,kadar,until,,
23,seni,you,,
24,beni,me,,
25,iyi,good,,
26,onu,him,,
27,tamam,OK,,
28,bunu,this,,
29,gibi,as,,
30,yok,no,,
31,benim,just me,,
32,her,each,,
33,sana,you,,
34,ki,that,,
35,sadece,just,,
36,neden,why is that,,
37,senin,your,,
38,burada,here,,
39,zaman,time,,
40,hiç,no,,
41,şimdi,now,,
42,nasıl,how,,
43,sonra,after,,
44,olduğunu,that,,
45,en,most,,
46,mu,is,,
47,hadi,let's,,
48,misin,will you,,
49,şu,water,,
50,öyle,so,,
51,ya,either,,
52,güzel,beautiful,,
53,biraz,some,,
54,musun,Do you,,
55,önce,prior to,,
56,lütfen,Please,,
57,İyi,Good,,
58,bak,look,,
59,ona,him,,
60,böyle,such,,
61,oldu,it was,,
62,hey,Hey,,
63,istiyorum,I want,,
64,onun,her,,
65,geri,back,,
66,bile,even,,
67,eğer,if,,
68,artık,no longer,,
69,gerçekten,really,,
70,kim,who,,
71,bay,Mr,,
72,yani,so,,
73,çünkü,because,,
74,büyük,big,,
75,doğru,true,,
76,peki,Well,,
77,buraya,here,,
78,biliyorum,I know,,
79,başka,another,,
80,belki,maybe,,
81,olarak,as,,
82,tanrım,my god,,
83,tek,single,,
84,efendim,sorry,,
85,biri,someone,,
86,olur,would,,
87,olacak,it will be,,
88,adam,man,,
89,haydi,come on,,
90,olan,one,,
91,İşte,Here,,
92,et,meat,,
93,sanırım,I think,,
94,merhaba,Hello there,,
95,biz,we,,
96,orada,there,,
97,demek,say,,
98,teşekkürler,thanks,,
99,hiçbir,no,,
100,nerede,where,,
101,yardım,help,,
102,ederim,I would,,
103,bilmiyorum,I do not know,,
104,gün,day,,
105,gece,night,,
106,oh,oh,,
107,fazla,much,,
108,bütün,all,,
109,bunun,it,,
110,tüm,all,,
111,harika,great,,
112,ile,with,,
113,yeni,new,,
114,gel,come,,
115,biliyor,he knows,,
116,iki,two,,
117,kötü,bad,,
118,küçük,small,,
119,tam,full,,
120,olsun,get,,
121,siz,you,,
122,son,last,,
123,şeyler,things,,
124,ol,be,,
125,bayan,Lady,,
126,şeyi,thing,,
127,hemen,immediately,,
128,size,to you,,
129,sorun,problem,,
130,üzgünüm,sorry,,
131,ver,give,,
132,onları,them,,
133,lanet,curse,,
134,teşekkür,thank,,
135,devam,continuation,,
136,kız,girl,,
137,git,go,,
138,sizi,you,,
139,dostum,my friend,,
140,gerek,need,,
141,pekala,well,,
142,bizi,us,,
143,bize,to us,,
144,hakkında,about,,
145,buna,this,,
146,kendi,own,,
147,baba,father,,
148,aynı,same,,
149,anne,mom,,
150,dur,Stop,,
151,oluyor,is happening,,
152,mısın,will you,,
153,iş,business,,
154,kimse,nobody,,
155,asla,never,,
156,diye,that,,
157,izin,permission,,
158,hala,still,,
159,al,get,,
160,seninle,with you,,
161,şunu,it,,
162,olabilir,can,,
163,mü,is,,
164,söyle,tell,,
165,benimle,with me,,
166,tabii,Of course,,
167,para,money,,
168,bizim,our,,
169,selam,Hello,,
170,yoksa,or,,
171,içinde,in,,
172,önemli,important,,
173,değilim,I am not,,
174,yüzden,why,,
175,herkes,everyone,,
176,ister,either,,
177,gidelim,lets go,,
178,dakika,minute,,
179,bırak,leave,,
180,geldi,came,,
181,üç,three,,
182,biliyorsun,you know,,
183,işte,Here,,
184,tekrar,again,,
185,vardı,It had,,
186,bakalım,let's see,,
187,istiyorsun,Would you,,
188,onlar,them,,
189,bugün,today,,
190,özür,apology,,
191,buradan,from here,,
192,hep,always,,
193,miyim,Can I,,
194,yine,again,,
195,yapıyorsun,you are doing,,
196,bekle,expect,,
197,uzun,long,,
198,gerçek,real,,
199,geliyor,coming,,
200,saat,hour,,
201,aslında,actually,,
202,olmak,be,,
203,çocuklar,children,,
204,neler,What,,
205,nedir,what,,
206,çocuk,child,,
207,bence,in my opinion,,
208,burası,here,,
209,onunla,with him,,
210,eve,home,,
211,ilk,first,,
212,göre,by,,
213,sizin,your,,
214,yer,place,,
215,nereye,where,,
216,birlikte,together,,
217,yıl,year,,
218,hepsi,all,,
219,kaç,How many,,
220,dinle,listen,,
221,şekilde,the way,,
222,olmaz,No way,,
223,pek,very,,
224,yere,place,,
225,tanrı,God,,
226,istemiyorum,I do not want,,
227,emin,sure,,
228,fakat,but,,
229,hazır,ready,,
230,zaten,already,,
231,birkaç,a few,,
232,dilerim,I wish,,
233,söz,promise,,
234,söyledi,told,,
235,lazım,necessary,,
236,kendini,itself,,
237,olmalı,should be,,
238,tane,piece,,
239,etmek,make,,
240,misiniz,Are you,,
241,ediyorum,I would,,
242,seviyorum,I love,,
243,tatlım,sweetie,,
244,bunlar,these,,
245,karşı,against,,
246,kesinlikle,exactly,,
247,görmek,see,,
248,birşey,something,,
249,yarın,tomorrow,,
250,olduğu,that,,
251,benden,me,,
252,elbette,of course,,
253,ha,Ha,,
254,istiyor,wants,,
255,aman,Oh,,
256,az,little,,
257,eski,old,,
258,edin,Learn,,
259,anda,currently,,
260,kadın,woman,,
261,İki,Two,,
262,kahretsin,damn,,
263,işi,heat,,
264,yapmak,make,,
265,ilgili,about,,
266,ah,Ah,,
267,an,moment,,
268,oraya,to there,,
269,onlara,to them,,
270,dikkat,attention,,
271,gerekiyor,need,,
272,dışarı,out,,
273,diğer,other,,
274,yapma,making,,
275,işe,if,,
276,hoş,pleasant,,
277,bundan,from this,,
278,zor,difficult,,
279,kez,times,,
280,sakin,quiet,,
281,mutlu,happy,,
282,bakın,Look,,
283,geç,late,,
284,kabul,acceptance,,
285,senden,from you,,
286,dedim,I said,,
287,çabuk,quickly,,
288,gidip,go,,
289,niye,why,,
290,yemek,eat,,
291,hafta,week,,
292,yerde,in place,,
293,kişi,person,,
294,musunuz,Do you,,
295,zorunda,difficult in,,
296,yanlış,false,,
297,görüşürüz,See you,,
298,özel,special,,
299,gördüm,I saw,,
300,gidiyor,going,,
301,doktor,doctor,,
302,ediyor,ediyor,,
303,bazı,Some,,
304,kes,cut,,
305,yalnız,alone,,
306,hem,and,,
307,babam,my father,,
308,beş,five,,
309,gitti,gone,,
310,polis,police,,
311,erkek,male,,
312,merak,wonder,,
313,nereden,where,,
314,kontrol,control,,
315,insan,human,,
316,birini,one,,
317,eminim,I am sure,,
318,ondan,from him,,
319,insanlar,people,,
320,aptal,stupid,,
321,gereken,required,,
322,falan,like,,
323,sağ,right,,
324,ihtiyacım,I need,,
325,etti,It has,,
326,gördün,you saw,,
327,dolar,dollar,,
328,umarım,I hope,,
329,beri,since,,
330,değildi,it was not,,
331,etme,to,,
332,öldü,died,,
333,nefret,hate,,
334,veya,or,,
335,sanki,if,,
336,yeter,enough,,
337,su,water,,
338,adamım,man,,
339,yap,do,,
340,kendine,yourself,,
341,haber,news,,
342,sabah,morning,,
343,kendimi,Myself,,
344,dün,yesterday,,
345,akşam,evening,,
346,ateş,fire,,
347,yalan,lie,,
348,dört,four,,
349,geçen,last,,
350,kal,remain,,
351,sonunda,finally,,
352,annem,My mother,,
353,dünya,world,,
354,sence,what do you think,,
355,değilsin,You are not,,
356,ay,moon,,
357,yaptım,I did,,
358,yerine,instead,,
359,hangi,which,,
360,istediğim,I want,,
361,bunları,these,,
362,boyunca,throughout,,
363,üzerinde,over,,
364,tamamen,completely,,
365,adı,ordinary,,
366,tabi,subject,,
367,karar,decision,,
368,vardır,has,,
369,aç,hungry,,
370,olduğumu,I have,,
371,adım,step,,
372,olun,be,,
373,gitmek,go,,
374,dedi,said,,
375,ayrıca,also,,
376,bitti,it's over,,
377,gelecek,the future,,
378,sakın,quiet,,
379,genç,young,,
380,öyleyse,then,,
381,olmuş,dead,,
382,bende,me,,
383,farklı,different,,
384,yaptın,you did,,
385,jack,jack,,
386,olamaz,can not,,
387,bazen,sometimes,,
388,açık,open,,
389,bebeğim,my baby,,
390,yol,way,,
391,pekâlâ,all right,,
392,söyledim,I told,,
393,dr,dir,,
394,john,John,,
395,olursa,should,,
396,İlk,First,,
397,oldukça,quite,,
398,zamanı,the time,,
399,tarafından,by,,
400,sahip,owner,,
401,içeri,inside,,
402,neyse,anyways,,
403,alo,Hello,,
404,oldum,became,,
405,beraber,together,,
406,mükemmel,excellent,,
407,onların,they,,
408,bilirsin,you know,,
409,eder,it,,
410,ettim,I have,,
411,oğlum,son,,
412,cevap,reply,,
413,henüz,yet,,
414,on,front,,
415,yapıyor,doing,,
416,ise,if,,
417,herif,guy,,
418,olması,being,,
419,aldım,I got,,
420,konuşmak,talk,,
421,uzak,far,,
422,kolay,easy,,
423,yanında,beside,,
424,evde,at home,,
425,adamı,man,,
426,birisi,someone,,
427,evlat,child,,
428,başına,per,,
429,fark,difference,,
430,hayatım,sweetheart,,
431,saniye,second,,
432,acele,rush,,
433,araba,car,,
434,düşünüyorsun,you are thinking,,
435,çocuğu,children,,
436,geldim,I came,,
437,yoktu,did not have,,
438,olsa,Although,,
439,rahat,comfortable,,
440,gidiyorum,I'm going,,
441,hâlâ,still,,
442,yolu,way,,
443,görünüyor,it seems,,
444,ara,intermediate,,
445,yüzünden,because,,
446,a,a,,
447,dersin,of course,,
448,neredeyse,almost,,
449,ancak,but,,
450,hızlı,fast,,
451,dans,dance,,
452,günü,day,,
453,halde,although,,
454,savaş,war,,
455,söylemek,say,,
456,çeneni,up,,
457,ev,home,,
458,geceler,nights,,
459,almak,receive,,
460,şuna,following the,,
461,altında,under,,
462,vay,Wow,,
463,olmadığını,whether,,
464,nasılsın,how are you doing,,
465,güle,bye,,
466,hepimiz,we all,,
467,sanmıyorum,I do not think so,,
468,oyun,game,,
469,boş,null,,
470,süre,time,,
471,bin,thousand,,
472,anlıyorum,I understand,,
473,komik,funny,,
474,durum,status,,
475,galiba,I guess,,
476,yaptı,made,,
477,hava,air,,
478,kaldı,stayed,,
479,duydum,I heard,,
480,günaydın,Good Morning,,
481,yeniden,again,,
482,be,ba,,
483,kapıyı,the door,,
484,buldum,I found,,
485,miyiz,Can,,
486,takip,follow,,
487,new,new,,
488,olacağım,I will be,,
489,gelin,bride,,
490,hayal,dream,,
491,düşündüm,I thought,,
492,sende,cents to,,
493,gidiyoruz,We are going,,
494,bebek,baby,,
495,hayat,life,,
496,söylüyor,says,,
497,ciddi,serious,,
498,yardımcı,help,,
499,kapa,Collapse,,
500,altı,six,,
501,istedim,I wanted,,
502,işin,ray,,
503,canım,dear,,
504,konuda,subject,,
505,göz,eye,,
506,adamın,the man,,
507,beyler,gentlemen,,
508,düşünüyorum,I'm thinking,,
509,gidiyorsun,You are going,,
510,yaşlı,old,,
511,çalışıyorum,I'm trying,,
512,herhangi,any,,
513,azından,least,,
514,böylece,thus,,
515,kardeşim,my brother,,
516,beyaz,white,,
517,başladı,started,,
518,şaka,joke,,
519,gelip,to come,,
520,telefon,telephone,,
521,hareket,movement,,
522,verin,give,,
523,gelen,incoming,,
524,sürü,herd,,
525,durun,stay,,
526,üzerine,over,,
527,gelir,revenue,,
528,memnun,satisfied,,
529,şeyin,thing,,
530,kesin,exact,,
531,yolunda,right,,
532,baban,your father,,
533,yeterince,enough,,
534,herşey,everything,,
535,hayatta,in life,,
536,arada,between,,
537,arkadaşım,my friend,,
538,kimin,whose,,
539,güçlü,strong,,
540,el,hand,,
541,mısınız,Are you,,
542,anladın,you understand,,
543,verdi,gave,,
544,yakın,near,,
545,çıkar,interest,,
546,konusunda,about,,
547,garip,strange,,
548,bırakın,release,,
549,hepsini,all,,
550,şeye,thing,,
551,İçeri,Inside,,
552,sanıyorsun,You thought you,,
553,soru,question,,
554,silah,gun,,
555,parayı,money,,
556,çıktı,output,,
557,otur,sit down,,
558,kısa,short,,
559,yapacağım,I will do,,
560,çık,exit,,
561,geldin,You came,,
562,çalışıyor,working,,
563,korkunç,terrible,,
564,durumda,in the case,,
565,anladım,I understand,,
566,acaba,I wonder,,
567,kızı,daughter,,
568,iyiyim,I'm fine,,
569,sağol,thanks,,
570,hatta,even,,
571,uygun,appropriate,,
572,haklısın,fair enough,,
573,yapamam,I can not do,,
574,terk,abandonment,,
575,yaptığını,do that,,
576,siktir,Fuck,,
577,tür,type,,
578,değildir,it is not,,
579,olduğuna,that,,
580,geliyorum,I am coming,,
581,dön,frost,,
582,şeyleri,things,,
583,kere,times,,
584,şöyle,As,,
585,dikkatli,careful,,
586,kan,blood,,
587,ait,belonging to,,
588,arasında,between,,
589,frank,franc,,
590,bilmek,know,,
591,neyin,what,,
592,neyi,what,,
593,aşağı,down,,
594,çek,Czech,,
595,rahatsız,uncomfortable,,
596,veriyorum,I am giving,,
597,dünyanın,the world,,
598,bi,one,,
599,dolu,full,,
600,geçti,passed,,
601,ortaya,out,,
602,verdim,I gave,,
603,varsa,If,,
604,muhtemelen,probably,,
605,yakında,soon,,
606,burda,here,,
607,sevindim,I'm glad,,
608,ihtiyacı,need,,
609,olacağını,would be,,
610,neydi,what was it,,
611,annen,mother,,
612,diyorsun,you say,,
613,sürekli,continuous,,
614,milyon,million,,
615,yüksek,high,,
616,tuhaf,strange,,
617,sizinle,With you,,
618,hissediyorum,I feel,,
619,fikir,idea,,
620,zamanda,time,,
621,deli,mad,,
622,olmadan,without,,
623,dışında,outside,,
624,bizimle,with us,,
625,kahrolası,goddamn,,
626,at,horse,,
627,başkan,president,,
628,yukarı,up,,
629,olmayacak,will be,,
630,bayım,sir,,
631,acı,pain,,
632,aldı,took,,
633,olmadı,It was not,,
634,dedin,you said,,
635,aşk,love,,
636,olası,possible,,
637,yalnızca,just,,
638,getir,bring,,
639,biliyordum,I knew,,
640,kızlar,girls,,
641,sensin,you,,
642,i,I,,
643,tatlı,dessert,,
644,hoşça,nicely,,
645,affedersiniz,Excuse me,,
646,ediyorsun,you're,,
647,yemin,oath,,
648,etmeye,Do not,,
649,ölüm,death,,
650,ölü,dead,,
651,içine,into,,
652,yapacağız,we will do,,
653,edecek,will,,
654,dışarıda,outside,,
655,üzere,in,,
656,yavaş,slow,,
657,tut,tutu,,
658,ihtiyacın,Your need,,
659,tahmin,guess,,
660,herşeyi,everything,,
661,koca,husband,,
662,birinin,one's,,
663,york,york,,
664,sessiz,quiet,,
665,hasta,patient,,
666,gizli,hidden,,
667,mümkün,possible,,
668,yapacak,will make,,
669,duydun,you heard,,
670,olurdu,it would be,,
671,köpek,dog,,
672,amerika,America,,
673,yapıyorum,I'm doing,,
674,eden,community,,
675,gerektiğini,ought,,
676,ihtiyacımız,we need,,
677,berbat,wretched,,
678,charlie,charlie,,
679,istersen,if you want,,
680,zarar,damage,,
681,sıcak,hot,,
682,ana,mother,,
683,şans,chance,,
684,gidin,Go,,
685,joe,joe,,
686,sanıyordum,I thought,,
687,oradan,from there,,
688,kahve,coffee,,
689,yapmaya,making,,
690,yapar,makes,,
691,olay,event,,
692,dek,until,,
693,görünüyorsun,you look,,
694,diyor,says,,
695,şarkı,song,,
696,vermek,give,,
697,kalk,up,,
698,nefes,breath,,
699,olup,The,,
700,anlaşıldı,roger,,
701,sevgili,dear,,
702,görüyorum,I see,,
703,orospu,bitch,,
704,bilmem,I do not know,,
705,üstüne,over,,
706,sam,Sam,,
707,insanların,peoples,,
708,evine,house,,
709,varmış,had,,
710,İnsanlar,People,,
711,basit,simple,,
712,film,film,,
713,istediğini,he wanted,,
714,pislik,dirt,,
715,kızım,my daughter,,
716,zavallı,poor,,
717,istedi,wanted,,
718,olmayan,non-,,
719,yedi,seven,,
720,david,david,,
721,pardon,pardon,,
722,alın,Learn,,
723,the,the,,
724,tıpkı,just as,,
725,olmalısın,You should be,,
726,yıldır,years,,
727,isterim,I want,,
728,buradayım,buradayım,,
729,tom,tom,,
730,george,George,,
731,birine,to someone,,
732,herkesin,everybody's,,
733,keşke,if only,,
734,dalga,wave,,
735,benziyor,It looks like,,
736,zamandır,time,,
737,sesini,your voice,,
738,unutma,Keep in mind,,
739,neye,what,,
740,sefer,expedition,,
741,aldın,lower,,
742,bilmiyor,he does not know,,
743,diyorum,I say,,
744,normal,normal,,
745,çeviri,translation,,
746,ufak,small,,
747,herhalde,I suppose,,
748,ahbap,buddy,,
749,bununla,With this,,
750,baş,head,,
751,ettin,you've,,
752,yapacaksın,you do,,
753,yeterli,enough,,
754,muhteşem,spectacular,,
755,yüz,face,,
756,olacaksın,you will be,,
757,çekil,get out,,
758,görüyor,sees,,
759,yeri,place,,
760,aşkına,sake,,
761,önünde,in front of,,
762,söyledin,You said,,
763,belli,certain,,
764,söylüyorum,I say,,
765,miydi,was,,
766,hata,error,,
767,michael,michael,,
768,söylemiştim,I say,,
769,aile,family,,
770,fena,bad,,
771,düşün,think,,
772,bunların,these,,
773,alabilir,can take,,
774,numara,number,,
775,evi,House,,
776,bayanlar,ladies,,
777,tehlikeli,dangerous,,
778,millet,nation,,
779,alıp,take,,
780,bilir,knows,,
781,yaşında,aged,,
782,doğum,birth,,
783,yürü,walk,,
784,yoktur,There is no,,
785,bekliyor,waiting,,
786,inanamıyorum,I cant believe,,
787,gitmem,I dont go,,
788,adına,in the name of,,
789,birçok,many,,
790,ses,sound,,
791,içki,drink,,
792,erken,early,,
793,hayatını,his life,,
794,bok,shit,,
795,kendisi,itself,,
796,vakit,time,,
797,İsa,Jesus,,
798,adını,name,,
799,ele,addressed,,
800,seks,sex,,
801,sıkı,tight,,
802,anlıyor,understands,,
803,yaparım,I do,,
804,allah,God,,
805,edeceğim,I will make,,
806,aynen,exactly,,
807,güvenlik,security,,
808,canlı,live,,
809,müzik,music,,
810,kaptan,captain,,
811,hatırlıyor,remember,,
812,güç,power,,
813,sonraki,next,,
814,saçma,absurd,,
815,kimsin,who are you,,
816,kırmızı,red,,
817,günler,days,,
818,söyleme,mention,,
819,anlamıyorum,I do not understand,,
820,aşık,in love,,
821,arkadaş,friend,,
822,verir,gives,,
823,bekleyin,wait,,
824,durumu,status,,
825,bakma,look,,
826,kimsenin,anyone,,
827,arkadaşın,your friend,,
828,temiz,clean,,
829,oda,room,,
830,birşeyler,something,,
831,niçin,why,,
832,geldik,we came,,
833,çocukları,children,,
834,olduğum,I'm,,
835,düşünüyor,think,,
836,olduğun,you are,,
837,olsaydı,had,,
838,olmasını,not the,,
839,e,to,,
840,bilemiyorum,I do not know,,
841,konuşma,talk,,
842,buldun,you found,,
843,istediğin,you want,,
844,mıydı,was,,
845,s,s,,
846,ikinci,second,,
847,noel,Christmas,,
848,parti,party,,
849,zamanlar,times,,
850,baksana,heigh,,
851,yapmam,I do not,,
852,işler,works,,
853,üstünde,on,,
854,sonsuza,infinity,,
855,yerinde,in place,,
856,anlat,tell,,
857,insanları,people,,
858,sayın,Dear,,
859,bob,boB,,
860,gelmiş,have come,,
861,sıra,must,,
862,bilmiyordum,I did not know,,
863,asıl,noble,,
864,kızın,your daughter,,
865,seviyor,love,,
866,soğuk,cold,,
867,siyah,black,,
868,yapalım,let's do,,
869,işim,name,,
870,birden,suddenly,,
871,general,general,,
872,almaya,take,,
873,in,of,,
874,yanına,next,,
875,göster,show,,
876,patron,boss,,
877,alacağım,I will,,
878,mike,mike,,
879,buradaki,here,,
880,sonu,end,,
881,tarafa,party,,
882,sigara,cigaret,,
883,salak,idiot,,
884,gerekir,must,,
885,bahsediyorsun,talking about,,
886,harry,harry,,
887,olmasın,whether,,
888,haklı,right,,
889,sert,hard,,
890,konu,subject,,
891,burayı,here,,
892,olmaya,not to,,
893,defa,times,,
894,umurumda,care,,
895,hak,right,,
896,özellikle,especially,,
897,biliyoruz,we know,,
898,bulmak,find,,
899,kimseye,anyone,,
900,baylar,gentlemen,,
901,gitsin,let go,,
902,adamlar,men,,
903,yemeği,food,,
904,tercih,choice,,
905,İyiyim,I'm fine,,
906,istiyorsan,if you want,,
907,dinleyin,listen,,
908,geldiniz,welcome,,
909,olma,being,,
910,iyisi,good,,
911,bilgi,information,,
912,işini,Your job,,
913,acil,urgent,,
914,kalın,thick,,
915,arabayı,car,,
916,dair,about,,
917,yapabilirim,I can,,
918,biriyle,with a,,
919,hepiniz,all of you,,
920,öldürmek,kill,,
921,söylüyorsun,you say,,
922,jimmy,jimmy,,
923,alır,gets,,
924,İşe,If,,
925,defol,get out,,
926,paul,paul,,
927,gerçeği,truth,,
928,bağlı,connected,,
929,babası,father,,
930,duyuyor,hears,,
931,babamın,my fathers,,
932,yola,way,,
933,onlarla,with them,,
934,görmedim,I did not see,,
935,amerikan,American,,
936,gayet,very,,
937,rağmen,despite,,
938,onlardan,from them,,
939,anlamı,meaning,,
940,istemiyor,does not want,,
941,tanıyor,knows,,
942,şehir,city,,
943,zorundayım,I have to,,
944,dua,prayer,,
945,değiliz,We are not,,
946,yaşıyor,lives,,
947,hoşçakal,bye,,
948,çoğu,most,,
949,taraftan,from the side,,
950,kitap,book,,
951,orası,there,,
952,yo,you,,
953,yerini,place,,
954,söyleyeyim,Let me tell,,
955,gelmek,come,,
956,adın,your name,,
957,bizden,U.S,,
958,peter,Peter,,
959,bakayım,bakayım,,
960,uyuşturucu,drug,,
961,kalan,remaining,,
962,dolayı,because,,
963,görmeye,seeing,,
964,kendime,to myself,,
965,teslim,delivery,,
966,güneş,sun,,
967,mary,Mary,,
968,kusura,defect,,
969,kral,king,,
970,kapı,door,,
971,zengin,rich,,
972,parçası,Part of it,,
973,edebilir,is able to,,
974,gir,enter,,
975,dürüst,honest,,
976,kendim,myself,,
977,iç,internal,,
978,kadınlar,women,,
979,cehenneme,hell,,
980,kalmak,stay,,
981,kapat,Close,,
982,altın,gold,,
983,silahı,weapon,,
984,okul,school,,
985,çalışıyorsun,Are you trying,,
986,gider,expense,,
987,canına,dear to,,
988,yüzbaşı,captain,,
989,affedersin,sorry,,
990,istiyorsunuz,Would you,,
991,şeyden,the thing,,
992,sık,stylish,,
993,gurur,pride,,
994,vereceğim,I will give,,
995,mesaj,message,,
996,istiyoruz,we want,,
997,b,b,,
998,sekiz,eight,,
999,hoşuma,I liked,,
1000,yaptığı,his,,
1001,eğlenceli,funny,,
1002,ağır,heavy,,
1003,takım,team,,
1004,karım,my wife,,
1005,davet,invitation,,
1006,kutsal,sacred,,
1007,ölmüş,dead,,
1008,yıllar,years,,
1009,yarım,half,,
1010,yapan,who,,
1011,hanımefendi,lady,,
1012,konuş,Talk,,
1013,ray,rail,,
1014,james,james,,
1015,saçmalık,nonsense,,
1016,sona,ends,,
1017,olduğundan,because,,
1018,herkese,to everyone,,
1019,güvenli,safe,,
1020,getirdim,I brought,,
1021,sahibi,owner,,
1022,fikrim,my idea,,
1023,çekilin,the retreat,,
1024,dünyada,in the world,,
1025,satın,buy,,
1026,bira,beer,,
1027,gitmeliyim,I must go,,
1028,teklif,bid,,
1029,altına,under,,
1030,aferin,Well done,,
1031,gidecek,will go,,
1032,aptalca,stupid,,
1033,bul,find,,
1034,mavi,blue,,
1035,demektir,means,,
1036,hatırlıyorum,I remember,,
1037,yüce,sublime,,
1038,koy,Bay,,
1039,yaptığın,you do,,
1040,unut,forget,,
1041,suç,crime,,
1042,elinde,in your hand,,
1043,balık,the fish,,
1044,şuraya,Distance,,
1045,severim,I like it,,
1046,sebep,reason,,
1047,parça,piece,,
1048,yapıyorsunuz,you do,,
1049,arka,back,,
1050,arkadaşı,his friend,,
1051,elini,your hand,,
1052,eskiden,formerly,,
1053,verici,transmitter,,
1054,katil,killer,,
1055,peder,father,,
1056,henry,Henry,,
1057,kelime,word,,
1058,isterdim,I wish,,
1059,düşünüyordum,I was thinking,,
1060,deniz,sea,,
1061,günün,your day,,
1062,çocuğun,the child,,
1063,pis,filthy,,
1064,istemedim,I did not want,,
1065,hoşuna,welcome to the,,
1066,gitme,go,,
1067,adama,man,,
1068,sene,year,,
1069,istemem,I do not want,,
1070,götür,take,,
1071,akşamlar,evenings,,
1072,cinayet,murder,,
1073,İş,Business,,
1074,ayağa,foot,,
1075,ellerini,your hands,,
1076,billy,billy,,
1077,mesela,for example,,
1078,anlaşma,contract,,
1079,kimseyi,anyone,,
1080,alan,area,,
1081,yaz,summer,,
1082,gerekiyordu,It was supposed,,
1083,ilginç,interesting,,
1084,kavga,fight,,
1085,iyilik,favor,,
1086,serbest,independent,,
1087,söyler,tell,,
1088,ye,eat,,
1089,edelim,let's,,
1090,geldiğini,that came,,
1091,sevgilim,my darling,,
1092,resmi,formal,,
1093,arabaya,car,,
1094,olacağız,We will be,,
1095,biliyorsunuz,you know,,
1096,afedersiniz,sorry,,
1097,veriyor,giving,,
1098,oldun,you have,,
1099,max,max,,
1100,san,singing,,
1101,söyleyeceğim,I will say,,
1102,yaklaşık,about,,
1103,öğrenmek,learn,,
1104,yazık,pity,,
1105,üçüncü,third,,
1106,buralarda,here,,
1107,kayıp,lost,,
1108,tebrikler,congratulations,,
1109,kendin,yourself,,
1110,sizden,from you,,
1111,hikaye,story,,
1112,çoktan,already,,
1113,başıma,my head,,
1114,kaldım,I stayed,,
1115,erkekler,men,,
1116,söyleyin,Tell,,
1117,telefonu,phone,,
1118,hale,halo,,
1119,albay,colonel,,
1120,birinci,first,,
1121,yapmayı,making,,
1122,birazdan,soon,,
1123,duymak,hear,,
1124,gideceğim,I will go,,
1125,olanlar,Those,,
1126,endişelenme,Do not worry,,
1127,çeşit,kind,,
1128,edeyim,I will,,
1129,isim,name,,
1130,gittim,I went,,
1131,duyuyorum,I hear,,
1132,park,Park,,
1133,yapabilir,can,,
1134,yaptığım,I made,,
1135,nick,Nick,,
1136,bill,bill,,
1137,müthiş,terrific,,
1138,piç,Bastard,,
1139,ifade,phrase,,
1140,sesi,sound,,
1141,sebebi,reason,,
1142,şimdiye,now,,
1143,şef,chef,,
1144,zeki,clever,,
1145,ee,ee,,
1146,düşünmüştüm,I think,,
1147,süper,super,,
1148,hayatın,Your life,,
1149,kalmadı,Sold Out,,
1150,vakti,time,,
1151,birileri,someone,,
1152,dan,from,,
1153,eee,eee,,
1154,görünüşe,appearance,,
1155,mıyım,am I,,
1156,uh,uh,,
1157,yaşamak,live,,
1158,şanslı,lucky,,
1159,derece,degree,,
1160,geriye,back,,
1161,okula,to school,,
1162,tanıyorum,I know,,
1163,herkesi,everyone,,
1164,alıyorum,I'm getting,,
1165,ta,t,,
1166,karanlık,dark,,
1167,kimi,who,,
1168,yada,or,,
1169,yapmış,made,,
1170,paris,Paris,,
1171,sırada,Ranked,,
1172,verme,supply,,
1173,gerekli,necessary,,
1174,saygı,respect,,
1175,koş,rushed,,
1176,hayatımı,my life,,
1177,orda,there,,
1178,yiyecek,food,,
1179,olmayı,to be,,
1180,yaşam,life,,
1181,çıkıp,out,,
1182,kalacak,will stay,,
1183,kadının,woman,,
1184,vur,hit,,
1185,sol,left,,
1186,jim,jim,,
1187,iyidir,is good,,
1188,gördüğüm,I have seen,,
1189,dene,try,,
1190,farkında,aware,,
1191,gördünüz,You saw,,
1192,evin,your house,,
1193,yapmadım,I did not,,
1194,alıyor,taking,,
1195,asker,soldier,,
1196,olurum,I will be,,
1197,hayatı,vital,,
1198,isteyen,want,,
1199,yaramaz,naughty,,
1200,bulduk,we found,,
1201,yoldan,the road,,
1202,yapıyoruz,we do,,
1203,suçlu,guilty,,
1204,neredesin,where are you,,
1205,nesi,What,,
1206,çift,double,,
1207,korkarım,I am afraid,,
1208,alex,alex,,
1209,görev,task,,
1210,tarafta,on the side,,
1211,kara,black,,
1212,döndü,returned,,
1213,nerde,where,,
1214,inanılmaz,unbelievable,,
1215,çavuş,Sergeant,,
1216,verdin,you gave,,
1217,yapabilirsin,you can,,
1218,gözlerini,your eyes,,
1219,nedeni,Reason,,
1220,İkinci,Second,,
1221,bilmiyorsun,You do not know,,
1222,güven,confidence,,
1223,üst,upper,,
1224,polisi,police,,
1225,annesi,mother,,
1226,sürece,as long as,,
1227,arıyorum,I'm looking for,,
1228,hayvan,animal,,
1229,oyunu,game,,
1230,etmez,does not,,
1231,hediye,present,,
1232,dünyayı,the world,,
1233,danny,danny,,
1234,istersin,you want,,
1235,açın,open,,
1236,istediğimi,I want,,
1237,giden,outgoing,,
1238,daima,always,,
1239,mal,goods,,
1240,ayak,foot,,
1241,zorundasın,you have to,,
1242,duruyor,stands,,
1243,olayı,event,,
1244,sarah,sarah,,
1245,cidden,really,,
1246,kadını,woman,,
1247,ciddiyim,I am serious,,
1248,olman,Do not be,,
1249,öldürdü,killed,,
1250,sever,lovers,,
1251,uyan,wake up,,
1252,profesör,professor,,
1253,sevdim,I loved,,
1254,kalsın,Keep,,
1255,elde,obtained,,
1256,sıradan,ordinary,,
1257,nasılsınız,nasılsınız,,
1258,şanslar,luck,,
1259,çalıştım,I worked,,
1260,olabilirim,I can,,
1261,çalışan,working,,
1262,alman,German,,
1263,kalp,heart,,
1264,söylemiştin,tell you,,
1265,iğrenç,disgusting,,
1266,yanımda,by my side,,
1267,johnny,johnny,,
1268,sarhoş,drunk,,
1269,haline,into,,
1270,tamamdır,it is okay,,
1271,verecek,will give,,
1272,alacak,credit,,
1273,d,D,,
1274,çıkmak,exit,,
1275,yolda,on the road,,
1276,tutun,tobacco,,
1277,ediyoruz,we do,,
1278,ortak,partner,,
1279,kafa,head,,
1280,ön,front,,
1281,edersin,edersin,,
1282,kaldır,remove,,
1283,londra,London,,
1284,sahi,actually,,
1285,anlamına,meaning,,
1286,amca,uncle,,
1287,baştan,all over,,
1288,istiyorlar,they want,,
1289,teğmen,lieutenant,,
1290,gibiydi,it seemed to,,
1291,dedektif,detective,,
1292,korkuyorum,I'm afraid,,
1293,rica,request,,
1294,dava,case,,
1295,işleri,jobs,,
1296,kulak,ear,,
1297,gücü,power,,
1298,gitmiş,gone,,
1299,gerekecek,need,,
1300,veririm,I give,,
1301,tony,tony,,
1302,arıyor,calling,,
1303,muydu,was,,
1304,geldiğinde,when,,
1305,olduğumuzu,we are,,
1306,güzeldi,it was nice,,
1307,bobby,bobby,,
1308,mektup,letter,,
1309,eddie,eddie,,
1310,günde,day,,
1311,ders,lesson,,
1312,annemin,my mom's,,
1313,yoluna,way to,,
1314,çay,tea,,
1315,la,la,,
1316,muyum,am I,,
1317,yerden,from the ground,,
1318,derin,deep,,
1319,etmiş,meat,,
1320,türlü,various,,
1321,yaptık,we did,,
1322,yolunu,the way,,
1323,akıllı,smart,,
1324,değer,value,,
1325,ettiğini,Watch it,,
1326,getirin,bring the,,
1327,oturun,sit down,,
1328,etmeyin,Do not,,
1329,domuz,pig,,
1330,çalış,Work,,
1331,özgür,free,,
1332,önceden,previously,,
1333,kapalı,closed,,
1334,şeytan,Satan,,
1335,yardıma,help,,
1336,güney,South,,
1337,önemi,the importance,,
1338,sürpriz,surprise,,
1339,kişisel,personal,,
1340,grup,group,,
1341,alayım,alayım,,
1342,m,m,,
1343,miydin,Did you,,
1344,başlıyor,starting,,
1345,uçak,airplane,,
1346,sorunun,the problem,,
1347,evli,The married,,
1348,dünyaya,to the Earth,,
1349,alırım,I get,,
1350,ortadan,the middle,,
1351,istediği,wanted,,
1352,ikiniz,both of you,,
1353,doğal,natural,,
1354,buydu,This was,,
1355,bekliyorum,I'm waiting,,
1356,bildiğim,I know,,
1357,metre,meter,,
1358,bazıları,some,,
1359,konuşuyor,speaking,,
1360,hani,behold,,
1361,kaza,accident,,
1362,majesteleri,Your Majesty,,
1363,ilgisi,interest,,
1364,insanlara,to people,,
1365,ziyaret,visit,,
1366,diğerleri,others,,
1367,elimden,stripped,,
1368,İnsan,Human,,
1369,steve,steve,,
1370,başladım,I started,,
1371,yeşil,green,,
1372,çocukların,children,,
1373,ikna,persuasion,,
1374,babanın,father,,
1375,yarısı,half,,
1376,rüya,dream,,
1377,kat,floor,,
1378,hmm,hmm,,
1379,arkasında,behind,,
1380,edildi,It was,,
1381,you,you,,
1382,hiçbirşey,nothing,,
1383,topu,ball,,
1384,kuzey,North,,
1385,muydun,Did you,,
1386,edip,whether,,
1387,top,ball,,
1388,bey,bey,,
1389,buradasın,you are here,,
1390,bahse,bet,,
1391,etmeyi,Do not,,
1392,sonuna,to the end,,
1393,ölmek,die,,
1394,can,Bell,,
1395,jake,jake,,
1396,şurada,there,,
1397,adamla,man,,
1398,almış,received,,
1399,aşağıda,below,,
1400,degil,not,,
1401,değerli,valuable,,
1402,ararım,I'll call,,
1403,zorundayız,We have,,
1404,kafayı,head,,
1405,numaralı,numbered,,
1406,olduğunuzu,be you,,
1407,zamanlarda,in time,,
1408,ileri,next,,
1409,önceki,previous,,
1410,başarılı,successful,,
1411,yapman,do not,,
1412,gerekirse,if necessary,,
1413,zevk,taste,,
1414,destek,support,,
1415,lee,lee,,
1416,olabilirsin,you can be,,
1417,gelmiyor,does not come,,
1418,geçiyor,passing,,
1419,seksi,sexy,,
1420,ajan,agent,,
1421,aradı,called,,
1422,oğlu,son-,,
1423,inanıyorum,I believe,,
1424,olduklarını,they are,,
1425,dışı,female,,
1426,sorunu,problem,,
1427,şeker,candy,,
1428,gitmeliyiz,we should go,,
1429,aşağıya,down,,
1430,çıkıyor,turns out,,
1431,kardeş,brother,,
1432,derhal,immediately,,
1433,olmam,I have,,
1434,mıyız,Are we,,
1435,charles,charles,,
1436,dokuz,nine,,
1437,iyiydi,good,,
1438,mesele,matter,,
1439,gelmedi,did not come,,
1440,don,frost,,
1441,yatak,bed,,
1442,kalmış,I have stayed,,
1443,olmadığı,it is not,,
1444,insanın,people,,
1445,çin,China,,
1446,dönmek,return,,
1447,mark,marker,,
1448,roma,Rome,,
1449,konuyu,subject,,
1450,richard,richard,,
1451,oturup,sit,,
1452,geleni,from the,,
1453,tommy,tommy,,
1454,resim,picture,,
1455,İmdat,Help,,
1456,gelebilir,may come,,
1457,arıyorsun,are you looking,,
1458,yazıyor,he is writing,,
1459,yabancı,foreign,,
1460,şarap,wine,,
1461,kaybettim,I lost,,
1462,kıçını,ass,,
1463,çalışma,work,,
1464,ünlü,famous,,
1465,bomba,bomb,,
1466,nasıi,How,,
1467,üzgün,sad,,
1468,olanları,ones,,
1469,jerry,Jerry,,
1470,olduğunda,when,,
1471,askeri,military,,
1472,imkansız,impossible,,
1473,tehdit,threatening,,
1474,araya,together,,
1475,yemeğe,eat,,
1476,elimde,in my hand,,
1477,alt,lower,,
1478,deme,do not say,,
1479,olanı,with,,
1480,çalışmak,work,,
1481,adamları,men,,
1482,çılgın,crazy,,
1483,plan,plan,,
1484,yağmur,rain,,
1485,anlamadım,I did not understand,,
1486,etrafta,around,,
1487,boktan,shitty,,
1488,aşağılık,vile,,
1489,buz,ice,,
1490,güvende,in confidence,,
1491,hapse,jail,,
1492,gideceğiz,we will go,,
1493,çekici,attractive,,
1494,sanmıştım,I think,,
1495,havaya,up,,
1496,yakışıklı,handsome,,
1497,İzin,Permission,,
1498,aklıma,to my mind,,
1499,der,says,,
1500,yıldız,star,,
1501,mantıklı,sensible,,
1502,girdi,entry,,
1503,sevdiğim,Favorite,,
1504,sandım,I thought,,
1505,aklını,your mind,,
1506,demiştim,I said,,
1507,ailem,parents,,
1508,buyurun,Help yourself,,
1509,İngiliz,English,,
1510,edebilirim,I can,,
1511,kocaman,huge,,
1512,söylemem,I say,,
1513,ailesi,family,,
1514,kime,to who,,
1515,öldür,kill,,
1516,olsam,I would,,
1517,ederiz,we will,,
1518,teki,one of,,
1519,evden,house,,
1520,k,k,,
1521,konuşabilir,can speak,,
1522,çıkın,Quit,,
1523,şerif,Sheriff,,
1524,kardeşin,brother,,
1525,başlıyoruz,we begin,,
1526,söylediler,they say,,
1527,düştü,fell,,
1528,mr,m,,
1529,jane,jane,,
1530,geçmiş,past,,
1531,sor,sir,,
1532,hazırım,I am ready,,
1533,başla,Start,,
1534,dokunma,touch,,
1535,şimdilik,for now,,
1536,evinde,house,,
1537,aşırı,extreme,,
1538,aramızda,in our midst,,
1539,değildim,I was not,,
1540,söyleyecek,will say,,
1541,karısı,his wife,,
1542,bunlardan,of them,,
1543,hatırladın,remind,,
1544,sayılmaz,does not count,,
1545,memur,officer,,
1546,yan,side,,
1547,dünyadaki,around the world,,
1548,gittiğini,Go to it,,
1549,oynamak,play,,
1550,yüzünü,his face,,
1551,yapayım,Shall I,,
1552,öylece,just,,
1553,kitabı,book,,
1554,girin,enter,,
1555,anna,anna,,
1556,birer,a,,
1557,aldık,We received,,
1558,zayıf,weak,,
1559,sıkıcı,boring,,
1560,bayağı,pretty,,
1561,işten,fired,,
1562,saatte,hours,,
1563,adil,fair,,
1564,önüne,before,,
1565,söylemişti,he said,,
1566,çirkin,ugly,,
1567,ışık,light,,
1568,uzakta,away,,
1569,zamanında,on time,,
1570,pazar,market,,
1571,anlama,understanding,,
1572,geleceğim,My future,,
1573,söylemedim,I do not say,,
1574,ikimiz,the two of us,,
1575,kenara,aside,,
1576,not,note,,
1577,İnanılmaz,Unbelievable,,
1578,kuş,bird,,
1579,yana,sideways,,
1580,savaşı,war,,
1581,hizmet,service,,
1582,yaşayan,live,,
1583,lan,man,,
1584,sahte,fake,,
1585,yapın,Make,,
1586,polisler,police officers,,
1587,başlayalım,lets start,,
1588,t,t,,
1589,ruh,spirit,,
1590,olacaktır,will be,,
1591,gemi,ship,,
1592,buldu,found,,
1593,chris,chris,,
1594,söylemeye,tell,,
1595,kate,catenin,,
1596,söylediğim,I say,,
1597,sınıf,class,,
1598,dave,dave,,
1599,başı,head,,
1600,evlilik,marriage,,
1601,çıkarın,Disconnect,,
1602,anlaştık,agreed,,
1603,bilim,science,,
1604,işine,job,,
1605,düzgün,smooth,,
1606,ismi,Browse,,
1607,robert,robert,,
1608,dönerim,I'll be back,,
1609,fazlasını,more,,
1610,problem,problem,,
1611,hayatımın,my life,,
1612,binlerce,thousands,,
1613,zenci,black,,
1614,genelde,generally,,
1615,afedersin,sorry,,
1616,karın,abdomen,,
1617,zamana,time,,
1618,gelince,as for,,
1619,gelmez,does not,,
1620,aradım,I called,,
1621,gibisin,You seem,,
1622,com,com,,
1623,bişey,something,,
1624,korumak,protect,,
1625,los,loess,,
1626,ediyorlar,they're,,
1627,fransız,French,,
1628,göstermek,show,,
1629,İngiltere,Britain,,
1630,dahil,including,,
1631,filmi,film,,
1632,oradaki,there,,
1633,andy,andy,,
1634,hastaneye,to hospital,,
1635,iyice,thoroughly,,
1636,konuşmaya,to talk,,
1637,öldürmeye,kill,,
1638,tamir,repair,,
1639,avukat,attorney,,
1640,kocam,my husband,,
1641,öldürdün,you killed,,
1642,olursun,you'd,,
1643,gösteriyor,is showing,,
1644,suyu,water,,
1645,hamile,pregnant,,
1646,iptal,cancel,,
1647,yukarıda,above,,
1648,koç,coach,,
1649,will,will,,
1650,iyisini,the best,,
1651,bol,plenty,,
1652,prenses,princess,,
1653,cuma,Friday,,
1654,yargıç,judge,,
1655,cesur,brave,,
1656,mil,shaft,,
1657,döneceğim,I'll be back,,
1658,diyeceğim,I say,,
1659,parasını,money,,
1660,param,my money,,
1661,taş,rock,,
1662,hallederim,I got,,
1663,kadarıyla,as far as,,
1664,bıraktım,I left,,
1665,bakmak,look,,
1666,meşgul,busy,,
1667,martin,martin,,
1668,odasında,in room,,
1669,yaptığımı,do what I,,
1670,ettik,I've,,
1671,etmem,I would not,,
1672,nerden,where,,
1673,süredir,time is,,
1674,mutluyum,I'm happy,,
1675,boşver,Never mind,,
1676,doğu,East,,
1677,yapacağımı,to do,,
1678,getirdi,brought,,
1679,görüyorsun,you see,,
1680,canını,canını,,
1681,yaparsın,you do,,
1682,hangisi,which,,
1683,yapamazsın,you can not,,
1684,fırsat,opportunity,,
1685,zamanki,the time,,
1686,kedi,cat,,
1687,birazcık,a little,,
1688,sağlam,sturdy,,
1689,şansı,chance,,
1690,başkanı,chairman,,
1691,zamandan,time,,
1692,c,c,,
1693,taksi,taxi,,
1694,r,r,,
1695,batı,West,,
1696,sizce,what do you think,,
1697,olmuştu,had been,,
1698,kör,blind,,
1699,girmek,enter,,
1700,haberi,news,,
1701,göremiyorum,I can not see,,
1702,unuttum,I forgot,,
1703,yakaladım,I caught,,
1704,vahşi,wild,,
1705,özledim,I missed,,
1706,söylerim,I say,,
1707,hayatımda,in my life,,
1708,görmüş,have seen,,
1709,elimizde,our hands,,
1710,tv,TV,,
1711,bıraktı,he left,,
1712,hatırlamıyorum,I do not remember,,
1713,değiller,They are not,,
1714,gösteri,show,,
1715,birbirimizi,each other,,
1716,yolculuk,trip,,
1717,arkadaşlar,friends,,
1718,yahudi,Jewish,,
1719,İşin,Ray,,
1720,durma,stop,,
1721,hayir,no,,
1722,larry,larry,,
1723,söylesene,tell me,,
1724,william,william,,
1725,girecek,will enter,,
1726,emir,order,,
1727,yapabiliriz,we can,,
1728,kulağa,ear,,
1729,sırasında,during,,
1730,diyelim,let's say,,
1731,olmasına,not to,,
1732,adi,ordinary,,
1733,öğle,noon,,
1734,brian,brian,,
1735,kiminle,with whom,,
1736,babamı,my father,,
1737,walter,walter,,
1738,geride,back,,
1739,istedin,did you,,
1740,silahını,weapon,,
1741,yerlerde,places,,
1742,dönüp,return,,
1743,elinden,hand from,,
1744,kurtarmak,rescue,,
1745,İnsanların,Peoples,,
1746,nasıldı,how was it,,
1747,test,test,,
1748,fotoğraf,photo,,
1749,ters,reverse,,
1750,bölüm,chapter,,
1751,budur,This is,,
1752,çıplak,naked,,
1753,tavuk,chicken,,
1754,washington,washington,,
1755,geçiyorsun,are you kidding me,,
1756,and,and,,
1757,kevin,kevin,,
1758,madam,madam,,
1759,l,l,,
1760,yarı,half,,
1761,of,Ugh,,
1762,benzer,similar,,
1763,başında,early,,
1764,buradayız,we are here,,
1765,etmiyor,does not,,
1766,öldüreceğim,I will kill,,
1767,İstediğin,You want,,
1768,söylemedin,you did not tell,,
1769,veren,that,,
1770,rapor,report,,
1771,çıkmış,out,,
1772,ikisi,the two,,
1773,bilirsiniz,you know,,
1774,kahraman,hero,,
1775,odası,room,,
1776,arama,search,,
1777,şükür,Thank god,,
1778,olmuyor,It is not,,
1779,konusu,subject,,
1780,konuştum,I talked to,,
1781,kaltak,bitch,,
1782,fahişe,whore,,
1783,ayrı,separate,,
1784,giriş,login,,
1785,harekete,motion,,
1786,kullan,use,,
1787,cesaret,courage,,
1788,ettiler,they,,
1789,adında,named,,
1790,edemem,I can not,,
1791,parlak,bright,,
1792,angeles,angeles,,
1793,thomas,thomas,,
1794,sayesinde,thanks to,,
1795,alalım,Let's,,
1796,yüzde,percent,,
1797,işaret,mark,,
1798,şeyim,My stuff,,
1799,bakıyorum,I'm looking,,
1800,bizler,ourselves,,
1801,kızla,girl,,
1802,İngilizce,English,,
1803,bilirim,I know,,
1804,fbi,FBI,,
1805,merkezi,central,,
1806,konuşuyorsun,you are talking,,
1807,masum,innocent,,
1808,dediğimi,I also,,
1809,kilo,weight,,
1810,girerim,I'll,,
1811,düşman,foe,,
1812,it,it,,
1813,edeceğiz,We will,,
1814,kişinin,the people,,
1815,yirmi,twenty,,
1816,sıradaki,Next,,
1817,yapmamı,make my,,
1818,birbirimize,each other,,
1819,görüşmek,discuss,,
1820,ettiğim,I've,,
1821,başa,head,,
1822,okulda,at school,,
1823,bakıyorsun,looking at you,,
1824,dönüyor,returns,,
1825,çıkan,outgoing,,
1826,beyefendi,gentleman,,
1827,gittin,you went,,
1828,kıza,girl,,
1829,bölge,area,,
1830,orta,middle,,
1831,yat,yacht,,
1832,parmak,finger,,
1833,futbol,football,,
1834,filan,and so on,,
1835,itibaren,from,,
1836,yapıyorlar,They are doing,,
1837,ihtiyaç,need,,
1838,araştırma,research,,
1839,tedavi,treatment,,
1840,sorumlu,responsible,,
1841,hariç,excluding,,
1842,cep,pocket,,
1843,arasındaki,between,,
1844,sus,ornamental,,
1845,ardından,behind,,
1846,birisin,one,,
1847,engel,obstacle,,
1848,ülke,country,,
1849,şimdiden,already,,
1850,tren,train,,
1851,ortada,in the middle,,
1852,geliyorlar,they come,,
1853,idare,administration,,
1854,tarafı,side,,
1855,fransa,France,,
1856,serseri,punk,,
1857,nazik,kind,,
1858,bırakıp,leave,,
1859,burdan,from here,,
1860,istiyordum,I wanted,,
1861,televizyon,television,,
1862,yıllık,yearly,,
1863,gene,again,,
1864,olmaktan,being,,
1865,tanıştığımıza,to meet,,
1866,üzerinden,over,,
1867,bulmaya,find,,
1868,seçim,selection,,
1869,iyisin,you're good,,
1870,madem,since,,
1871,odada,in the room,,
1872,eh,City,,
1873,kar,profit,,
1874,arabada,In the car,,
1875,parası,money,,
1876,canavar,monster,,
1877,j,j,,
1878,numarası,its number,,
1879,konuşalım,Let's talk,,
1880,banka,bank,,
1881,rock,rock,,
1882,kurt,Kurdish,,
1883,sakıncası,mind,,
1884,kızgın,angry,,
1885,carl,carla,,
1886,annenin,your mother's,,
1887,barış,peace,,
1888,sormak,ask,,
1889,gördü,he saw,,
1890,verdiği,tweaking,,
1891,uyuyor,sleeping,,
1892,yatağa,To bed,,
1893,cumartesi,Saturday,,
1894,kokuyor,smells,,
1895,öğleden,afternoon,,
1896,annemi,my mother,,
1897,sey,thing,,
1898,spor,spore,,
1899,nin,the,,
1900,yalancı,liar,,
1901,yolun,the road,,
1902,hedef,target,,
1903,avrupa,European,,
1904,mutlaka,surely,,
1905,kazanmak,win,,
1906,onda,tenth,,
1907,İçinde,In,,
1908,polise,police,,
1909,öldürecek,will kill,,
1910,geleceğini,the future,,
1911,itiraf,confession,,
1912,üstelik,moreover,,
1913,savunma,defense,,
1914,odasına,room,,
1915,gerekmiyor,You do not need,,
1916,dönün,Return,,
1917,arthur,arthur,,
1918,olağanüstü,exceptional,,
1919,sevimli,cute,,
1920,dersiniz,your course,,
1921,usta,master,,
1922,epey,quite,,
1923,matt,matt,,
1924,bilmiyoruz,We do not know,,
1925,olabileceğini,might,,
1926,saldırı,attack,,
1927,yıllardır,for years,,
1928,sola,left,,
1929,neymiş,neymiş,,
1930,peşinde,behind,,
1931,yapmayın,do not,,
1932,demiştin,You said,,
1933,olsaydım,if I were,,
1934,çıkış,exit,,
1935,aşkım,my love,,
1936,alice,alice,,
1937,yapmamız,we do,,
1938,n,n,,
1939,vereyim,Let me give you,,
1940,yarar,benefit,,
1941,lisa,lisa,,
1942,bunda,herein,,
1943,kendinizi,yourself,,
1944,öğrendim,I learned,,
1945,hayatının,of life,,
1946,tanışmak,meet,,
1947,biliyordu,he knew,,
1948,kimdi,who,,
1949,korku,fear,,
1950,veremem,can not give,,
1951,başını,head,,
1952,eğlence,entertainment,,
1953,yapacağını,would do,,
1954,bakmayın,look,,
1955,derler,they say,,
1956,unuttun,you forgot,,
1957,hissettim,I felt,,
1958,kısmı,partial,,
1959,sanat,art,,
1960,içeride,inside,,
1961,doğrusu,actually,,
1962,İnan,Believe,,
1963,sır,secret,,
1964,götürün,take,,
1965,inanmıyorum,I do not believe,,
1966,tutmak,keep,,
1967,olmalıyım,I should be,,
1968,amerikalı,American,,
1969,kurşun,bullet,,
1970,üzüldüm,I'm sorry,,
1971,diyorlar,they say,,
1972,değilse,if not,,
1973,düğün,wedding,,
1974,yasal,legal,,
1975,ettiği,Watch it,,
1976,fazlası,more than,,
1977,kaçtı,escaped,,
1978,dediğim,I also,,
1979,bizde,us,,
1980,başından,At the beginning,,
1981,sırf,sheer,,
1982,kendisini,himself,,
1983,alma,taking,,
1984,şeylerin,things,,
1985,ulusal,National,,
1986,beyin,brain,,
1987,etmelisin,You should,,
1988,fikrin,the idea,,
1989,kardeşi,brother,,
1990,edeceksin,you're going,,
1991,sürtük,slut,,
1992,şansın,the chance,,
1993,insanı,human,,
1994,istemiştim,I want,,
1995,tavsiye,advice,,
1996,sağa,right,,
1997,ordu,army,,
1998,şerefe,Cheers,,
1999,canın,the soul,,
2000,çalışıyoruz,we are working,,